Abbreviation,GridPosition,TeamName,DriverForm3,DriverForm5,QualifyingForm3,TeamForm,PodiumRate,WinRate,DNFRisk,PointsMomentum,Consistency,Experience,CircuitHistory,TeamGridInteraction,GridPositionSq,FrontRow,TopFive,WinProbability,PodiumProbability,Dry_Win%,Wet_Win%,RealGrid
ANT,4,Mercedes,6.0,4.0,2.0,18.7,0.5333333333333333,0.3333333333333333,0.0,20.0,6.708203932499369,31.0,10.5,3.7399999999999998,16,0,1,0.20331512423270298,0.913541240516069,20.3,19.3,True
HAD,3,Red Bull,5.0,9.8,6.0,6.0,0.0,0.0,0.0,6.0,7.496665925596525,31.0,10.5,1.5,9,0,1,0.18144478399615216,0.8581126391428272,18.1,16.9,True
VER,1,Red Bull,9.666666666666666,8.4,4.333333333333333,8.2,0.27,0.09999999999999999,0.0,8.2,7.82943165242535,121.0,10.5,4.1,1,1,1,0.16980517214664462,0.8273853622165694,17.0,17.9,True
HAM,2,Ferrari,1.6666666666666667,3.4,3.333333333333333,15.0,0.2666666666666666,0.0666666666666666,0.0,15.4,2.408318915758445,121.0,10.5,5.0,4,1,1,0.12984612313715552,0.7138726989963728,13.0,15.0,True
LEC,5,Ferrari,12.0,9.4,7.333333333333333,15.0,0.2666666666666666,0.0,0.0,6.2,6.3482280992415525,121.0,10.5,2.5,25,0,1,0.11172262877577427,0.6572225567158736,11.2,11.2,True
PIA,7,McLaren,7.0,5.2,6.0,10.1,0.2666666666666666,0.0,0.0,10.6,3.492849839314598,77.0,10.5,1.2625,49,0,0,0.10107893520215899,0.6220111823340975,10.1,9.3,True
NOR,6,McLaren,13.333333333333334,9.4,5.0,10.1,0.4666666666666667,0.1333333333333333,0.0,8.6,8.384509526501832,121.0,10.5,1.4428571428571428,36,0,0,0.07749052924144562,0.5374295911014083,7.7,7.9,True
LAW,11,RB F1 Team,7.0,10.0,10.0,4.0,0.0,0.0,0.0,4.0,5.70087712549569,42.0,10.5,0.3333333333333333,121,0,0,0.007792937316955302,0.15193942585303283,0.8,0.7,True
RUS,8,Mercedes,11.0,8.2,2.6666666666666665,18.7,0.4,0.1333333333333333,0.0,8.4,7.155417527999326,121.0,10.5,2.0777777777777775,64,0,0,0.006786512970094788,0.1408122721130347,0.7,0.9,True
GAS,9,Alpine F1 Team,6.0,9.2,12.333333333333334,6.2,0.0666666666666666,0.0,0.0,6.2,6.870225614927066,121.0,10.5,0.62,81,0,0,0.0035266424324593678,0.09823892830436493,0.4,0.3,True
BEA,18,Haas F1 Team,15.666666666666666,16.0,16.666666666666668,1.5,0.0,0.0,0.0,0.2,5.338539126015656,34.0,10.5,0.07894736842105263,324,0,0,0.0027404259506655436,0.08551351722853127,0.3,0.2,True
LIN,16,RB F1 Team,12.666666666666666,13.2,11.666666666666666,1.6,0.0,0.0,0.0,1.6,5.805170109479997,7.0,10.5,0.09411764705882353,256,0,0,0.0017164435857414202,0.06611211851904289,0.2,0.1,True
COL,15,Alpine F1 Team,10.0,10.6,12.333333333333334,3.0,0.0,0.0,0.0,3.0,4.33589667773576,34.0,10.5,0.1875,225,0,0,0.0014632160012823317,0.060555622551571944,0.1,0.1,True
OCO,19,Haas F1 Team,12.0,11.8,17.0,1.5,0.0,0.0,0.0,0.6,2.1679483388678755,120.0,10.5,0.075,361,0,0,0.0004080398599223691,0.03,0.0,0.0,True
ALB,20,Williams,15.666666666666666,15.4,15.666666666666666,0.8,0.0,0.0,0.0,1.0,5.983310120660639,98.0,10.5,0.0380952380952381,400,0,0,0.00019522555414739024,0.02,0.0,0.0,True
SAI,13,Williams,12.333333333333334,12.2,14.333333333333334,0.8,0.1333333333333333,0.0,0.0,0.8,3.271085446759228,120.0,10.5,0.05714285714285715,169,0,0,0.00019522555414739024,0.02,0.0,0.0,True
ALO,12,Aston Martin,16.333333333333332,16.4,20.666666666666668,0.1,0.0,0.0,0.0,0.2,4.037325847637264,121.0,10.5,0.007692307692307693,144,0,0,0.00019522555414739024,0.02,0.0,0.2,True
BOR,10,Audi,11.666666666666666,12.0,13.666666666666666,0.1,0.0,0.0,0.0,0.0,0.9999999999999982,31.0,10.5,0.009090909090909092,100,0,0,5.536169768048328e-05,0.01,0.0,0.0,True
STR,14,Aston Martin,18.33333333333333,18.6,21.666666666666668,0.1,0.0,0.0,0.0,0.0,2.880972058177585,119.0,10.5,0.006666666666666667,196,0,0,5.536169768048328e-05,0.01,0.0,0.0,True
HUL,17,Audi,15.0,15.0,11.0,0.1,0.0,0.0,0.0,0.0,4.183300132670376,79.0,10.5,0.005555555555555556,289,0,0,5.536169768048328e-05,0.01,0.0,0.0,True
BOT,21,Cadillac F1 Team,19.33333333333333,19.0,20.33333333333333,0.0,0.0,0.0,0.0,0.0,2.121320343559649,97.0,18.0,0.0,441,0,0,5.536169768048328e-05,0.01,0.0,0.0,True
PER,22,Cadillac F1 Team,15.333333333333334,15.8,19.0,0.0,0.0,0.0,0.0,0.0,1.303840481040495,97.0,18.0,0.0,484,0,0,5.536169768048328e-05,0.01,0.0,0.0,True
